{
  "received":[
    {
      "datetime":"2022.06.15-19:03:49",
      "sender":"thirdclient@gmail.com",
      "receivers":[
        "firstclient@gmail.com"
      ],
      "subject":"Welcome!",
      "id":"thirdclient@gmail.com%20220615190349",
      "text":"Nice to see you here."
    },
    {
      "datetime":"2022.06.16-20:38:25",
      "sender":"secondclient@gmail.com",
      "receivers":[
        "firstclient@gmail.com"
      ],
      "subject":"",
      "id":"secondclient@gmail.com%20220616203825",
      "text":""
    },
    {
      "datetime":"2022.06.17-10:13:17",
      "sender":"secondclient@gmail.com",
      "receivers":[
        "thirdclient@gmail.com",
        "firstclient@gmail.com",
        "secondclient@gmail.com"
      ],
      "subject":"Replying to all",
      "id":"secondclient@gmail.com%20220617101317",
      "text":""
    },
    {
      "datetime":"2022.06.17-10:30:38",
      "sender":"secondclient@gmail.com",
      "receivers":[
        "firstclient@gmail.com",
        "secondclient@gmail.com",
        "thirdclient@gmail.com"
      ],
      "subject":"check back",
      "id":"secondclient@gmail.com%20220617103038",
      "text":""
    },
    {
      "datetime":"2022.06.17-10:35:54",
      "sender":"firstclient@gmail.com",
      "receivers":[
        "firstclient@gmail.com",
        "secondclient@gmail.com",
        "thirdclient@gmail.com"
      ],
      "subject":"emailing everyone",
      "id":"firstclient@gmail.com%20220617103554",
      "text":"testing"
    }
  ,{
  "datetime":"2022.06.17-10:40:34",
  "sender":"secondclient@gmail.com",
  "receivers":[
    "firstclient@gmail.com",
    "secondclient@gmail.com",
    "thirdclient@gmail.com"
  ],
  "subject":"ok trying",
  "id":"secondclient@gmail.com%20220617104034",
  "text":"Who read this?"
},{
  "datetime":"2022.06.17-10:52:54",
  "sender":"thirdclient@gmail.com",
  "receivers":[
    "firstclient@gmail.com",
    "secondclient@gmail.com"
  ],
  "subject":"",
  "id":"thirdclient@gmail.com%20220617105254",
  "text":""
},{
  "datetime":"2022.06.17-10:56:04",
  "sender":"thirdclient@gmail.com",
  "receivers":[
    "firstclient@gmail.com",
    "secondclient@gmail.com"
  ],
  "subject":"",
  "id":"thirdclient@gmail.com%20220617105604",
  "text":""
},{
  "datetime":"2022.06.17-10:56:59",
  "sender":"thirdclient@gmail.com",
  "receivers":[
    "firstclient@gmail.com",
    "secondclient@gmail.com"
  ],
  "subject":"Goodbye!",
  "id":"thirdclient@gmail.com%20220617105659",
  "text":""
}]}